--
-- PostgreSQL database dump
--

-- Dumped from database version 16.2
-- Dumped by pg_dump version 16.2

-- Started on 2024-06-15 18:01:13

SET statement_timeout = 0;
SET lock_timeout = 0;
SET idle_in_transaction_session_timeout = 0;
SET client_encoding = 'UTF8';
SET standard_conforming_strings = on;
SELECT pg_catalog.set_config('search_path', '', false);
SET check_function_bodies = false;
SET xmloption = content;
SET client_min_messages = warning;
SET row_security = off;

SET default_tablespace = '';

SET default_table_access_method = heap;

--
-- TOC entry 244 (class 1259 OID 16783)
-- Name: cart; Type: TABLE; Schema: public; Owner: postgres
--

CREATE TABLE public.cart (
    cart_id integer NOT NULL,
    cart_user integer NOT NULL,
    cart_product integer,
    cart_count integer
);


ALTER TABLE public.cart OWNER TO postgres;

--
-- TOC entry 243 (class 1259 OID 16782)
-- Name: cart_cart_id_seq; Type: SEQUENCE; Schema: public; Owner: postgres
--

ALTER TABLE public.cart ALTER COLUMN cart_id ADD GENERATED ALWAYS AS IDENTITY (
    SEQUENCE NAME public.cart_cart_id_seq
    START WITH 1
    INCREMENT BY 1
    NO MINVALUE
    NO MAXVALUE
    CACHE 1
);


--
-- TOC entry 230 (class 1259 OID 16734)
-- Name: categories; Type: TABLE; Schema: public; Owner: postgres
--

CREATE TABLE public.categories (
    category_id integer NOT NULL,
    category_name character varying(30),
    category_image text
);


ALTER TABLE public.categories OWNER TO postgres;

--
-- TOC entry 229 (class 1259 OID 16733)
-- Name: categories_category_id_seq; Type: SEQUENCE; Schema: public; Owner: postgres
--

ALTER TABLE public.categories ALTER COLUMN category_id ADD GENERATED ALWAYS AS IDENTITY (
    SEQUENCE NAME public.categories_category_id_seq
    START WITH 0
    INCREMENT BY 1
    MINVALUE 0
    MAXVALUE 10000
    CACHE 1
);


--
-- TOC entry 234 (class 1259 OID 16748)
-- Name: colors; Type: TABLE; Schema: public; Owner: postgres
--

CREATE TABLE public.colors (
    color_id integer NOT NULL,
    color_name character varying(30),
    color_hex character varying(7)
);


ALTER TABLE public.colors OWNER TO postgres;

--
-- TOC entry 233 (class 1259 OID 16747)
-- Name: colors_color_id_seq; Type: SEQUENCE; Schema: public; Owner: postgres
--

ALTER TABLE public.colors ALTER COLUMN color_id ADD GENERATED ALWAYS AS IDENTITY (
    SEQUENCE NAME public.colors_color_id_seq
    START WITH 0
    INCREMENT BY 1
    MINVALUE 0
    MAXVALUE 10000
    CACHE 1
);


--
-- TOC entry 254 (class 1259 OID 16815)
-- Name: delivery; Type: TABLE; Schema: public; Owner: postgres
--

CREATE TABLE public.delivery (
    delivery_id smallint NOT NULL,
    delivery_name character varying(30),
    delivery_days integer,
    delivery_minprice integer,
    delivery_weightprice real
);


ALTER TABLE public.delivery OWNER TO postgres;

--
-- TOC entry 253 (class 1259 OID 16814)
-- Name: delievery_delivery_id_seq; Type: SEQUENCE; Schema: public; Owner: postgres
--

ALTER TABLE public.delivery ALTER COLUMN delivery_id ADD GENERATED BY DEFAULT AS IDENTITY (
    SEQUENCE NAME public.delievery_delivery_id_seq
    START WITH 0
    INCREMENT BY 1
    MINVALUE 0
    NO MAXVALUE
    CACHE 1
);


--
-- TOC entry 246 (class 1259 OID 16789)
-- Name: favourite; Type: TABLE; Schema: public; Owner: postgres
--

CREATE TABLE public.favourite (
    favourite_id integer NOT NULL,
    favourite_user integer,
    favourite_product integer
);


ALTER TABLE public.favourite OWNER TO postgres;

--
-- TOC entry 245 (class 1259 OID 16788)
-- Name: favourite_favourite_id_seq; Type: SEQUENCE; Schema: public; Owner: postgres
--

ALTER TABLE public.favourite ALTER COLUMN favourite_id ADD GENERATED ALWAYS AS IDENTITY (
    SEQUENCE NAME public.favourite_favourite_id_seq
    START WITH 1
    INCREMENT BY 1
    NO MINVALUE
    NO MAXVALUE
    CACHE 1
);


--
-- TOC entry 226 (class 1259 OID 16717)
-- Name: files; Type: TABLE; Schema: public; Owner: postgres
--

CREATE TABLE public.files (
    file_id integer NOT NULL,
    file_product integer,
    file_name character varying(30),
    file_path text
);


ALTER TABLE public.files OWNER TO postgres;

--
-- TOC entry 225 (class 1259 OID 16716)
-- Name: files_file_id_seq; Type: SEQUENCE; Schema: public; Owner: postgres
--

ALTER TABLE public.files ALTER COLUMN file_id ADD GENERATED ALWAYS AS IDENTITY (
    SEQUENCE NAME public.files_file_id_seq
    START WITH 1
    INCREMENT BY 1
    NO MINVALUE
    MAXVALUE 10000
    CACHE 1
);


--
-- TOC entry 236 (class 1259 OID 16754)
-- Name: images; Type: TABLE; Schema: public; Owner: postgres
--

CREATE TABLE public.images (
    image_id integer NOT NULL,
    image_path character varying(100),
    product_id integer
);


ALTER TABLE public.images OWNER TO postgres;

--
-- TOC entry 235 (class 1259 OID 16753)
-- Name: images_image_id_seq; Type: SEQUENCE; Schema: public; Owner: postgres
--

ALTER TABLE public.images ALTER COLUMN image_id ADD GENERATED ALWAYS AS IDENTITY (
    SEQUENCE NAME public.images_image_id_seq
    START WITH 0
    INCREMENT BY 1
    MINVALUE 0
    MAXVALUE 10000
    CACHE 1
);


--
-- TOC entry 222 (class 1259 OID 16705)
-- Name: materials; Type: TABLE; Schema: public; Owner: postgres
--

CREATE TABLE public.materials (
    material_id integer NOT NULL,
    material_name character varying(30)
);


ALTER TABLE public.materials OWNER TO postgres;

--
-- TOC entry 221 (class 1259 OID 16704)
-- Name: materials_material_id_seq; Type: SEQUENCE; Schema: public; Owner: postgres
--

ALTER TABLE public.materials ALTER COLUMN material_id ADD GENERATED ALWAYS AS IDENTITY (
    SEQUENCE NAME public.materials_material_id_seq
    START WITH 0
    INCREMENT BY 1
    MINVALUE 0
    MAXVALUE 10000
    CACHE 1
);


--
-- TOC entry 252 (class 1259 OID 16809)
-- Name: order_products; Type: TABLE; Schema: public; Owner: postgres
--

CREATE TABLE public.order_products (
    orderprod_id integer NOT NULL,
    orderprod_order integer,
    orderprod_product integer,
    orderprod_count integer,
    orderprod_price real
);


ALTER TABLE public.order_products OWNER TO postgres;

--
-- TOC entry 251 (class 1259 OID 16808)
-- Name: order_products_orderprod_id_seq; Type: SEQUENCE; Schema: public; Owner: postgres
--

ALTER TABLE public.order_products ALTER COLUMN orderprod_id ADD GENERATED ALWAYS AS IDENTITY (
    SEQUENCE NAME public.order_products_orderprod_id_seq
    START WITH 1
    INCREMENT BY 1
    NO MINVALUE
    NO MAXVALUE
    CACHE 1
);


--
-- TOC entry 248 (class 1259 OID 16795)
-- Name: orders; Type: TABLE; Schema: public; Owner: postgres
--

CREATE TABLE public.orders (
    order_id integer NOT NULL,
    order_user integer NOT NULL,
    order_date date,
    order_delivery_date date,
    order_price real,
    order_status integer,
    order_delivery integer,
    order_address text,
    order_delivery_price real
);


ALTER TABLE public.orders OWNER TO postgres;

--
-- TOC entry 247 (class 1259 OID 16794)
-- Name: orders_order_id_seq; Type: SEQUENCE; Schema: public; Owner: postgres
--

ALTER TABLE public.orders ALTER COLUMN order_id ADD GENERATED ALWAYS AS IDENTITY (
    SEQUENCE NAME public.orders_order_id_seq
    START WITH 1
    INCREMENT BY 1
    NO MINVALUE
    NO MAXVALUE
    CACHE 1
);


--
-- TOC entry 228 (class 1259 OID 16725)
-- Name: product_details; Type: TABLE; Schema: public; Owner: postgres
--

CREATE TABLE public.product_details (
    productd_id integer NOT NULL,
    productd_product integer,
    productd_color integer DEFAULT 0,
    productd_onstock integer DEFAULT 0,
    productd_dailyoffer boolean,
    productd_image integer
);


ALTER TABLE public.product_details OWNER TO postgres;

--
-- TOC entry 227 (class 1259 OID 16724)
-- Name: product_details_productd_id_seq; Type: SEQUENCE; Schema: public; Owner: postgres
--

ALTER TABLE public.product_details ALTER COLUMN productd_id ADD GENERATED ALWAYS AS IDENTITY (
    SEQUENCE NAME public.product_details_productd_id_seq
    START WITH 1
    INCREMENT BY 1
    NO MINVALUE
    NO MAXVALUE
    CACHE 1
);


--
-- TOC entry 240 (class 1259 OID 16767)
-- Name: product_materials; Type: TABLE; Schema: public; Owner: postgres
--

CREATE TABLE public.product_materials (
    prodmaterial_id integer NOT NULL,
    prodmaterial_prod_id integer,
    prodmaterial_material_id integer DEFAULT 0
);


ALTER TABLE public.product_materials OWNER TO postgres;

--
-- TOC entry 239 (class 1259 OID 16766)
-- Name: product_materials_prodmaterial_id_seq; Type: SEQUENCE; Schema: public; Owner: postgres
--

ALTER TABLE public.product_materials ALTER COLUMN prodmaterial_id ADD GENERATED ALWAYS AS IDENTITY (
    SEQUENCE NAME public.product_materials_prodmaterial_id_seq
    START WITH 0
    INCREMENT BY 1
    MINVALUE 0
    NO MAXVALUE
    CACHE 1
);


--
-- TOC entry 238 (class 1259 OID 16760)
-- Name: product_styles; Type: TABLE; Schema: public; Owner: postgres
--

CREATE TABLE public.product_styles (
    prodstyle_id integer NOT NULL,
    prodstyle_prod_id integer,
    prodstyle_style_id integer DEFAULT 0
);


ALTER TABLE public.product_styles OWNER TO postgres;

--
-- TOC entry 237 (class 1259 OID 16759)
-- Name: product_styles_prodstyle_id_seq; Type: SEQUENCE; Schema: public; Owner: postgres
--

ALTER TABLE public.product_styles ALTER COLUMN prodstyle_id ADD GENERATED ALWAYS AS IDENTITY (
    SEQUENCE NAME public.product_styles_prodstyle_id_seq
    START WITH 0
    INCREMENT BY 1
    MINVALUE 0
    NO MAXVALUE
    CACHE 1
);


--
-- TOC entry 220 (class 1259 OID 16692)
-- Name: products; Type: TABLE; Schema: public; Owner: postgres
--

CREATE TABLE public.products (
    product_id integer NOT NULL,
    product_article integer,
    product_name character varying(30),
    product_price real DEFAULT 0,
    product_disc_price real,
    product_discount smallint,
    product_length real DEFAULT 0,
    product_width real DEFAULT 0,
    product_height real DEFAULT 0,
    product_weight real DEFAULT 0,
    product_shape integer DEFAULT 0,
    product_subcategory integer DEFAULT 3
);


ALTER TABLE public.products OWNER TO postgres;

--
-- TOC entry 219 (class 1259 OID 16691)
-- Name: products_product_id_seq; Type: SEQUENCE; Schema: public; Owner: postgres
--

ALTER TABLE public.products ALTER COLUMN product_id ADD GENERATED BY DEFAULT AS IDENTITY (
    SEQUENCE NAME public.products_product_id_seq
    START WITH 1
    INCREMENT BY 1
    NO MINVALUE
    NO MAXVALUE
    CACHE 1
);


--
-- TOC entry 242 (class 1259 OID 16774)
-- Name: reviews; Type: TABLE; Schema: public; Owner: postgres
--

CREATE TABLE public.reviews (
    review_id integer NOT NULL,
    review_user integer,
    review_product integer,
    review_rating smallint DEFAULT 1,
    review_text text,
    review_image1 character varying(100),
    review_image2 character varying(100),
    review_image3 character varying(100),
    review_image4 character varying(100),
    review_image5 character varying(100),
    review_date date
);


ALTER TABLE public.reviews OWNER TO postgres;

--
-- TOC entry 241 (class 1259 OID 16773)
-- Name: reviews_review_id_seq; Type: SEQUENCE; Schema: public; Owner: postgres
--

ALTER TABLE public.reviews ALTER COLUMN review_id ADD GENERATED BY DEFAULT AS IDENTITY (
    SEQUENCE NAME public.reviews_review_id_seq
    START WITH 1
    INCREMENT BY 1
    NO MINVALUE
    NO MAXVALUE
    CACHE 1
);


--
-- TOC entry 218 (class 1259 OID 16686)
-- Name: roles; Type: TABLE; Schema: public; Owner: postgres
--

CREATE TABLE public.roles (
    role_id smallint NOT NULL,
    role_name character varying(20),
    role_description character varying(100)
);


ALTER TABLE public.roles OWNER TO postgres;

--
-- TOC entry 217 (class 1259 OID 16685)
-- Name: roles_role_id_seq; Type: SEQUENCE; Schema: public; Owner: postgres
--

ALTER TABLE public.roles ALTER COLUMN role_id ADD GENERATED BY DEFAULT AS IDENTITY (
    SEQUENCE NAME public.roles_role_id_seq
    START WITH 1
    INCREMENT BY 1
    NO MINVALUE
    MAXVALUE 10000
    CACHE 1
);


--
-- TOC entry 232 (class 1259 OID 16742)
-- Name: shapes; Type: TABLE; Schema: public; Owner: postgres
--

CREATE TABLE public.shapes (
    shape_id integer NOT NULL,
    shape_name character varying(30)
);


ALTER TABLE public.shapes OWNER TO postgres;

--
-- TOC entry 231 (class 1259 OID 16741)
-- Name: shapes_shape_id_seq; Type: SEQUENCE; Schema: public; Owner: postgres
--

ALTER TABLE public.shapes ALTER COLUMN shape_id ADD GENERATED ALWAYS AS IDENTITY (
    SEQUENCE NAME public.shapes_shape_id_seq
    START WITH 0
    INCREMENT BY 1
    MINVALUE 0
    MAXVALUE 10000
    CACHE 1
);


--
-- TOC entry 250 (class 1259 OID 16803)
-- Name: status; Type: TABLE; Schema: public; Owner: postgres
--

CREATE TABLE public.status (
    status_id smallint NOT NULL,
    status_name character varying(30),
    status_finish boolean
);


ALTER TABLE public.status OWNER TO postgres;

--
-- TOC entry 249 (class 1259 OID 16802)
-- Name: status_status_id_seq; Type: SEQUENCE; Schema: public; Owner: postgres
--

ALTER TABLE public.status ALTER COLUMN status_id ADD GENERATED BY DEFAULT AS IDENTITY (
    SEQUENCE NAME public.status_status_id_seq
    START WITH 0
    INCREMENT BY 1
    MINVALUE 0
    NO MAXVALUE
    CACHE 1
);


--
-- TOC entry 224 (class 1259 OID 16711)
-- Name: styles; Type: TABLE; Schema: public; Owner: postgres
--

CREATE TABLE public.styles (
    style_id integer NOT NULL,
    style_name character varying(30)
);


ALTER TABLE public.styles OWNER TO postgres;

--
-- TOC entry 223 (class 1259 OID 16710)
-- Name: styles_style_id_seq; Type: SEQUENCE; Schema: public; Owner: postgres
--

ALTER TABLE public.styles ALTER COLUMN style_id ADD GENERATED ALWAYS AS IDENTITY (
    SEQUENCE NAME public.styles_style_id_seq
    START WITH 0
    INCREMENT BY 1
    MINVALUE 0
    MAXVALUE 10000
    CACHE 1
);


--
-- TOC entry 256 (class 1259 OID 16821)
-- Name: subcategories; Type: TABLE; Schema: public; Owner: postgres
--

CREATE TABLE public.subcategories (
    subcategory_id integer NOT NULL,
    subcategory_category integer,
    subcategory_name character varying(30)
);


ALTER TABLE public.subcategories OWNER TO postgres;

--
-- TOC entry 255 (class 1259 OID 16820)
-- Name: subcategories_subcategory_id_seq; Type: SEQUENCE; Schema: public; Owner: postgres
--

ALTER TABLE public.subcategories ALTER COLUMN subcategory_id ADD GENERATED ALWAYS AS IDENTITY (
    SEQUENCE NAME public.subcategories_subcategory_id_seq
    START WITH 0
    INCREMENT BY 1
    MINVALUE 0
    MAXVALUE 10000
    CACHE 1
);


--
-- TOC entry 216 (class 1259 OID 16680)
-- Name: users; Type: TABLE; Schema: public; Owner: postgres
--

CREATE TABLE public.users (
    user_id integer NOT NULL,
    user_email character varying(30),
    user_password character varying(30),
    user_name character varying(30),
    user_surname character varying(30),
    user_patronymic character varying(30),
    user_address character varying(100),
    user_role integer DEFAULT 1,
    user_phone character varying(30),
    activationlink character varying,
    isactivated boolean DEFAULT false
);


ALTER TABLE public.users OWNER TO postgres;

--
-- TOC entry 215 (class 1259 OID 16679)
-- Name: users_user_id_seq; Type: SEQUENCE; Schema: public; Owner: postgres
--

ALTER TABLE public.users ALTER COLUMN user_id ADD GENERATED BY DEFAULT AS IDENTITY (
    SEQUENCE NAME public.users_user_id_seq
    START WITH 1
    INCREMENT BY 1
    NO MINVALUE
    NO MAXVALUE
    CACHE 1
);


--
-- TOC entry 5039 (class 0 OID 16783)
-- Dependencies: 244
-- Data for Name: cart; Type: TABLE DATA; Schema: public; Owner: postgres
--

COPY public.cart (cart_id, cart_user, cart_product, cart_count) FROM stdin;
176	15	2	1
177	15	4	1
6	2	2	5
97	1	2	1
99	1	4	1
100	1	3	1
\.


--
-- TOC entry 5025 (class 0 OID 16734)
-- Dependencies: 230
-- Data for Name: categories; Type: TABLE DATA; Schema: public; Owner: postgres
--

COPY public.categories (category_id, category_name, category_image) FROM stdin;
0	Не указана	logo.png
3	Декор и зеркала	category3.png
5	Стулья и кресла	category5.png
6	Шкафы и стеллажи	category6.png
7	Текстиль	category7.png
8	Освещение	category8.png
9	Сантехника	category9.png
10	Дача и сад	category10.png
11	Стены и полы	category11.png
12	Ремонт	category12.png
2	Кровати	category2.png
4	Кухни	category4.png
1	Столы	category1.png
\.


--
-- TOC entry 5029 (class 0 OID 16748)
-- Dependencies: 234
-- Data for Name: colors; Type: TABLE DATA; Schema: public; Owner: postgres
--

COPY public.colors (color_id, color_name, color_hex) FROM stdin;
0	Не указан	#9B9B9B
35	Серость	#D6D6D6
1	Красное вино	#920000
2	Королевский орех	#AE5604
3	Пшеничный	#CE980E
4	Свежескошенная трава	#1C5812
5	Ривьерское море	#1B837C
6	Глубокий синий	#142BF4
7	Благородный пурпур	#79159C
8	Первое свидание	#B91D68
9	Насыщенный чай	#5C3612
10	Герефордский коричневый	#6B3220
11	Белый	#F6F6F6
12	Черный	#000000
13	Паприка	#F83D14
15	Искренняя улыбка	#FFC700
16	Свежая зелень	#449836
17	Аквамарин	#1FC794
18	Электрический синий	#507DF1
19	Дизайнерский фиолетовый	#A34DE5
20	Свет софитов	#FF7BF2
21	Хлебная корочка	#836549
22	Молочный шоколад	#955440
23	Светло-серый	#D6D6D6
24	Темно-серый	#414141
25	Румяные щеки	#FF9090
26	Персиковая конфета	#FFB87C
27	Лимонная бриошь	#FFE297
28	Прованские травы	#A4C976
29	Северное сияние	#85EACC
30	Полуденное небо	#B7DCFF
31	Лавандовое поле	#D5B2F0
32	Первый поцелуй	#FCB3CD
33	Картонный конверт	#C7B09B
34	Клубничный раф	#DEB1A3
14	Тыква в октябре	#FF7500
\.


--
-- TOC entry 5049 (class 0 OID 16815)
-- Dependencies: 254
-- Data for Name: delivery; Type: TABLE DATA; Schema: public; Owner: postgres
--

COPY public.delivery (delivery_id, delivery_name, delivery_days, delivery_minprice, delivery_weightprice) FROM stdin;
0	Стандартная доставка	10	500	40
1	Экспресс-доставка	3	900	80
\.


--
-- TOC entry 5041 (class 0 OID 16789)
-- Dependencies: 246
-- Data for Name: favourite; Type: TABLE DATA; Schema: public; Owner: postgres
--

COPY public.favourite (favourite_id, favourite_user, favourite_product) FROM stdin;
500	7	7
502	1	9
503	1	9
504	1	9
505	1	11
506	1	11
510	15	2
512	15	8
515	15	3
517	15	4
423	2	2
488	1	3
489	1	2
490	1	2
496	7	6
497	7	6
\.


--
-- TOC entry 5021 (class 0 OID 16717)
-- Dependencies: 226
-- Data for Name: files; Type: TABLE DATA; Schema: public; Owner: postgres
--

COPY public.files (file_id, file_product, file_name, file_path) FROM stdin;
63	6	Инструкция по сборке	1718221845936-reinterio-product-file.pdf
64	2	Инструкция по стирке	1718217381271-reinterio-product-file.pdf
70	1	Инструкция по сборке	1718194538988-reinterio-product-file.pdf
71	14	Инструкция  по эксплуатации	1718405494180-reinterio-product-file.pdf
\.


--
-- TOC entry 5031 (class 0 OID 16754)
-- Dependencies: 236
-- Data for Name: images; Type: TABLE DATA; Schema: public; Owner: postgres
--

COPY public.images (image_id, image_path, product_id) FROM stdin;
345	1718215251606-upload.jpeg	2
346	1718215257160-upload.jpeg	2
347	1718215264960-upload.jpeg	2
10	23659010_1_black_120x150x130.jpeg	6
11	23659010_2_black_120x150x130.jpeg	6
12	23659010_3_black_120x150x130.jpeg	6
13	23659010_4_black_120x150x130.jpeg	6
15	5517818_3_brown_120x150x130.jpeg	7
16	5517818_2_brown_120x150x130.jpeg	7
17	5517818_1_brown_120x150x130.jpeg	7
20	32178957_1_yellow_120x150x130.jpeg	9
21	32178957_2_yellow_120x150x130.jpeg	9
22	32178957_3_yellow_120x150x130.jpeg	9
356	1718405298250-upload.jpg	30
28	56291807_4_white_120x150x130.jpeg	11
29	56291807_3_white_120x150x130.jpeg	11
30	56291807_2_white_120x150x130.jpeg	11
31	56291807_1_white_120x150x130.jpeg	11
357	1718405302800-upload.jpg	30
358	1718405305836-upload.jpg	30
359	1718405307887-upload.jpg	30
353	1718405329313-upload.jpg	29
354	1718405332209-upload.jpg	29
355	1718405334982-upload.jpg	29
304	34091675_1_black_120x150x130.jpeg	10
305	34091675_3_black_120x150x130.jpeg	10
306	34091675_4_black_120x150x130.jpeg	10
307	34091675_5_black_120x150x130.jpeg	10
308	34091675_2_black_120x150x130.jpeg	10
189	86921571_3_white_120x150x130.jpeg	5
190	86921571_2_white_120x150x130.jpeg	5
191	86921571_1_white_120x150x130.jpeg	5
319	13579246_2_white_120x150x130.png	8
320	13579246_1_white_120x150x130.png	8
321	71178008_2_white_120x150x130.jpeg	3
322	71178008_3_white_120x150x130.jpeg	3
323	1718217404923-upload.jpeg	3
324	1718218100701-upload.jpg	4
325	1718218102807-upload.jpg	4
326	1718218105137-upload.jpg	4
\.


--
-- TOC entry 5017 (class 0 OID 16705)
-- Dependencies: 222
-- Data for Name: materials; Type: TABLE DATA; Schema: public; Owner: postgres
--

COPY public.materials (material_id, material_name) FROM stdin;
0	По умолчанию
3	Металл
4	Дерево
5	Шелк
6	Полистер
7	Пластик
8	Стекло
9	Массив
10	ДСП
11	Велюр
12	Макровелюр
13	Натуральна кожа
14	Замша
15	Флок
16	Жаккард
17	Шинил
18	Экокожа
19	Гобелен
20	МДФ
21	Фарфор
22	Керамика
23	Хлопок
24	Микрофибра
25	Бамбук
26	Натуральный камень
\.


--
-- TOC entry 5047 (class 0 OID 16809)
-- Dependencies: 252
-- Data for Name: order_products; Type: TABLE DATA; Schema: public; Owner: postgres
--

COPY public.order_products (orderprod_id, orderprod_order, orderprod_product, orderprod_count, orderprod_price) FROM stdin;
6	35	11	2	2300
7	36	7	1	8000
8	36	4	1	1500
9	36	5	1	4500
10	37	7	1	8000
11	37	4	1	1500
12	37	5	1	4500
13	38	10	2	4300
5	34	9	1500	4000
14	39	10	1	4300
15	39	9	11	1500
16	40	6	1	6700
17	40	2	1	6000
18	40	11	1	2300
19	40	4	1	1500
20	40	3	1	1500
21	40	5	1	4500
22	41	10	1	4300
23	41	9	1	1500
24	42	9	1	1500
25	42	9	1	1500
26	44	9	1	1500
27	45	6	1	6700
28	46	4	1	1500
29	46	3	1	1500
30	46	5	1	4500
31	47	5	1	4500
32	48	4	1	1500
33	48	3	1	1500
34	49	4	1	1500
35	49	3	1	1500
36	50	6	1	6700
37	51	6	1	6700
38	51	9	1	1500
39	51	3	1	1500
40	52	6	1	6700
41	52	4	1	1500
42	52	3	1	1500
43	53	6	1	6700
44	54	2	1	6000
45	55	9	2	1500
46	56	6	1	6700
47	57	10	1	51000
48	58	10	1	51000
49	58	11	1	2300
50	59	2	1	6000
51	60	10	1	51000
52	60	11	1	2300
53	61	10	1	51000
54	61	11	1	2300
55	62	7	1	8000
56	63	3	3	1500
57	64	2	3	6000
58	65	10	1	51000
59	65	11	1	2300
60	66	11	13	2300
61	67	6	3	6700
62	68	6	2	6700
63	69	2	1	6000
\.


--
-- TOC entry 5043 (class 0 OID 16795)
-- Dependencies: 248
-- Data for Name: orders; Type: TABLE DATA; Schema: public; Owner: postgres
--

COPY public.orders (order_id, order_user, order_date, order_delivery_date, order_price, order_status, order_delivery, order_address, order_delivery_price) FROM stdin;
58	7	2024-06-05	2024-06-16	53300	0	0	Димитровград, ул. Сенная 24	0
60	7	2024-06-07	2024-06-08	54300	3	0	Димитровград, ул. Сенная 24	1000
61	7	2024-06-07	2024-06-19	68491	0	0	Димитровград, ул. Сенная 24	15191
62	7	2024-06-07	2024-06-09	8330	0	0	Димитровград, ул. Сенная 24	330
63	7	2024-06-09	2024-06-13	5400	0	1	Димитровград, ул. Сенная 24	900
64	15	2024-06-09	2024-06-13	19200	4	1	Москва, г. Россия 15	1200
65	15	2024-06-09	2024-06-19	53300	0	0	Москва, г. Россия 15	0
66	15	2024-06-09	2024-06-12	32812	0	1	Москва, г. Россия 15	2912
67	15	2024-06-09	2024-06-12	21000	0	1	Москва, г. Россия 15	900
68	15	2024-06-09	2024-06-12	14300	0	1	Москва, г. Россия 15	900
69	15	2024-06-09	2024-06-19	6500	0	0	Москва, г. Россия 15	500
34	7	2024-05-21	2024-05-24	38560	0	0	Димитровград, ул. Сенная 21	2560
35	7	2024-05-21	2024-05-31	5100	0	0	Димитровград, ул. Сенная 21	500
36	7	2024-05-21	2024-05-31	14000	0	0	Димитровград, ул. Сенная 21	0
37	7	2024-05-21	2024-05-31	14000	0	0	Димитровград, ул. Сенная 21	0
38	7	2024-05-21	2024-05-31	8600	0	0	Димитровград, ул. Сенная 21	0
39	7	2024-05-27	2024-06-06	20800	0	0	Димитровград, ул. Сенная 24	0
40	7	2024-05-28	2024-06-07	22500	0	0	Димитровград, ул. Сенная 24	0
41	7	2024-05-30	2024-06-09	6300	0	0	Димитровград, ул. Сенная 24	500
42	7	2024-05-30	2024-06-09	2000	0	0	Димитровград, ул. Сенная 24	500
44	7	2024-05-30	2024-06-09	2000	0	0	Димитровград, ул. Сенная 24	500
45	7	2024-05-30	2024-06-09	6700	0	0	Димитровград, ул. Сенная 24	0
46	7	2024-05-30	2024-06-09	7500	0	0	Димитровград, ул. Сенная 24	0
47	7	2024-05-30	2024-06-09	5000	0	0	Димитровград, ул. Сенная 24	500
48	7	2024-05-30	2024-06-09	3500	0	0	Димитровград, ул. Сенная 24	500
49	7	2024-05-30	2024-06-09	3500	0	0	Димитровград, ул. Сенная 24	500
50	7	2024-05-30	2024-06-09	6700	0	0	Димитровград, ул. Сенная 24	0
51	7	2024-05-30	2024-06-09	9700	0	0	Димитровград, ул. Сенная 24	0
52	7	2024-05-31	2024-06-10	9700	0	0	Димитровград, ул. Сенная 24	0
53	7	2024-05-31	2024-06-10	6700	0	0	Димитровград, ул. Сенная 24	0
54	7	2024-05-31	2024-06-10	6500	0	0	Димитровград, ул. Сенная 24	500
55	7	2024-06-05	2024-06-15	3500	0	0	Димитровград, ул. Сенная 24	500
56	7	2024-06-05	2024-06-15	6700	0	0	Димитровград, ул. Сенная 24	0
57	7	2024-06-05	2024-06-08	51900	0	0	Димитровград, ул. Сенная 24	900
59	7	2024-06-06	2024-06-09	6900	0	0	Димитровград, ул. Сенная 24	900
\.


--
-- TOC entry 5023 (class 0 OID 16725)
-- Dependencies: 228
-- Data for Name: product_details; Type: TABLE DATA; Schema: public; Owner: postgres
--

COPY public.product_details (productd_id, productd_product, productd_color, productd_onstock, productd_dailyoffer, productd_image) FROM stdin;
2	1	12	77	f	345
5	3	11	3	f	189
6	4	12	40	f	10
7	5	21	123	f	15
9	7	27	324	f	20
11	9	11	112	f	30
29	14	11	123	f	353
10	8	12	1	f	304
30	14	23	34	f	356
8	6	11	0	t	319
3	2	11	43	t	321
4	2	33	121	f	324
\.


--
-- TOC entry 5035 (class 0 OID 16767)
-- Dependencies: 240
-- Data for Name: product_materials; Type: TABLE DATA; Schema: public; Owner: postgres
--

COPY public.product_materials (prodmaterial_id, prodmaterial_prod_id, prodmaterial_material_id) FROM stdin;
232	1	11
233	1	6
4	4	18
5	4	3
6	5	10
9	7	5
11	9	22
241	14	22
242	14	3
208	8	3
160	3	26
219	6	10
220	6	8
221	2	25
\.


--
-- TOC entry 5033 (class 0 OID 16760)
-- Dependencies: 238
-- Data for Name: product_styles; Type: TABLE DATA; Schema: public; Owner: postgres
--

COPY public.product_styles (prodstyle_id, prodstyle_prod_id, prodstyle_style_id) FROM stdin;
302	8	7
303	8	12
309	6	4
8	4	7
9	4	12
10	4	16
11	5	9
12	5	5
310	2	7
14	7	7
15	7	2
16	7	1
311	2	9
312	2	10
20	9	15
21	9	13
22	9	14
23	9	9
323	1	1
324	1	2
237	3	7
238	3	12
239	3	13
350	14	9
351	14	13
\.


--
-- TOC entry 5015 (class 0 OID 16692)
-- Dependencies: 220
-- Data for Name: products; Type: TABLE DATA; Schema: public; Owner: postgres
--

COPY public.products (product_id, product_article, product_name, product_price, product_disc_price, product_discount, product_length, product_width, product_height, product_weight, product_shape, product_subcategory) FROM stdin;
4	23659010	Стул  Трилогия	13400	6700	50	53	40	93	2	4	5
5	55178181	Журнальный стол Андре	9000	8000	10	90	35	80	15	3	2
7	32178957	Искусственные цветы Фракра	1500	1500	0	4	5	67	0.5	0	13
8	34091675	Металлический стул Гламма	51000	51000	0	40	40	85	4	2	42
9	56291807	Глиняный горшок Натур	2300	2300	0	23	23	24	2.8	0	13
6	13579246	Шкаф-витрина Флорр	12000	12000	0	80	78	130	42	2	25
2	71178008	Постельное белье Комфорта	1800	1440	20	240	220	0	1	2	29
1	52575378	Пуф Аристо	7000	7000	0	100	90	60	7.7	2	64
3	86921571	Журнальный столик Унгель	4500	4050	10	90	54	35	7	4	2
14	49201985	Настольная лампа Григгев	1900	1900	0	12	12	25	1.5	4	36
\.


--
-- TOC entry 5037 (class 0 OID 16774)
-- Dependencies: 242
-- Data for Name: reviews; Type: TABLE DATA; Schema: public; Owner: postgres
--

COPY public.reviews (review_id, review_user, review_product, review_rating, review_text, review_image1, review_image2, review_image3, review_image4, review_image5, review_date) FROM stdin;
13	7	6	0	\N						2023-05-31
35	15	6	4	ЛАДНО, я передумала, неплохой стул	1717965936250-upload.jpg	1717965942658-upload.jpg				2024-06-09
16	7	9	0	\N						2023-05-31
36	15	2	0	\N						2023-05-31
28	3	2	2	Маленький, ножки не крепкие. Не соответствует заявленным требованиям. И вообще я на вас всех пожалуюсь. Что за отношение к клиентам? До свидания, надеюсь, никто у вас ничего заказывать не будет	\N	\N	\N	\N	\N	2023-05-29
15	7	2	5	Очень хороший пуфик, приехал быстро	b02dc76fd0a59fce2b0c39e4254ef1662745387a.jpeg	069a2823d981bb8538c550dac0ffc8f17282285f.jpeg	b02dc76fd0a59fce2b0c39e4254ef1662745387a.jpeg			2023-05-31
14	7	4	0	\N						2023-05-31
12	7	3	5	Очень хорошее белье. Особенно понравился белый цвет. Отлично смотрится в интерьере в стиле Джапанди! :)	1717956093629-upload.jpeg	1717956095155-upload.jpeg				2024-06-09
24	7	7	1	Оказался намного меньше, чем я думал. Очень расстроился. И шло дольше заявленного. Только одна звезда						2024-06-09
30	15	2	4	Очень красиво вписывается в интерьер, но материал не самый лучший	1717957643774-upload.jpg	1717957647850-upload.jpg				2024-06-09
34	15	6	2	Жесткий и неприятный	1717965846155-upload.jpeg					2024-06-09
\.


--
-- TOC entry 5013 (class 0 OID 16686)
-- Dependencies: 218
-- Data for Name: roles; Type: TABLE DATA; Schema: public; Owner: postgres
--

COPY public.roles (role_id, role_name, role_description) FROM stdin;
1	User	Пользователь интернет-магазина
2	Admin	Администратор магазина
\.


--
-- TOC entry 5027 (class 0 OID 16742)
-- Dependencies: 232
-- Data for Name: shapes; Type: TABLE DATA; Schema: public; Owner: postgres
--

COPY public.shapes (shape_id, shape_name) FROM stdin;
1	Треугольный
2	Квадратный
3	Прямоугольный
4	Закругленный
0	По умолчанию
5	Круглый
\.


--
-- TOC entry 5045 (class 0 OID 16803)
-- Dependencies: 250
-- Data for Name: status; Type: TABLE DATA; Schema: public; Owner: postgres
--

COPY public.status (status_id, status_name, status_finish) FROM stdin;
2	Отправлен	f
3	Доставлен	t
0	Обрабатывается	f
4	Отменен	t
1	В сборке	f
\.


--
-- TOC entry 5019 (class 0 OID 16711)
-- Dependencies: 224
-- Data for Name: styles; Type: TABLE DATA; Schema: public; Owner: postgres
--

COPY public.styles (style_id, style_name) FROM stdin;
0	Не указан
1	Ампир
2	Баухауз
3	Индустриальный
4	Классический
5	Кантри
6	Китч
7	Минимализм
8	Поп-арт
9	Скандинавский
10	Средиземноморский
11	Футуризм
12	Хай-тек
13	Хюгге
14	Шебби-шик
15	Японский
16	Брутализм
19	Джапанди
\.


--
-- TOC entry 5051 (class 0 OID 16821)
-- Dependencies: 256
-- Data for Name: subcategories; Type: TABLE DATA; Schema: public; Owner: postgres
--

COPY public.subcategories (subcategory_id, subcategory_category, subcategory_name) FROM stdin;
2	1	Журнальные столики
3	1	Офисные столы
4	5	Барные стулья
5	5	Кухонные стулья
6	5	Офисные кресла
7	5	Скамейки
8	5	Тахты
9	5	Диваны
10	5	Кресла
11	3	Зеркала
12	3	Картины и постеры
13	3	Декор
14	3	Настенный декор
15	4	Кухонные гарнитуры
16	4	Модульные кухни
17	4	Холодильники
18	4	Электроника
19	2	Односпальные кровати
20	2	Двуспальные кровати
21	2	Двухэтажные кровати
22	2	Детские кроватки
23	6	Гардеробы
24	6	Тумбы
25	6	Шкафы
26	6	Полки
27	6	Комоды
28	7	Ковры
29	7	Постельное белье
30	7	Полотенца
31	7	Пледы
32	7	Скатерти
33	8	Люстры
34	8	Настенное освещение
35	8	Напольные лампы
36	8	Настольные лампы
37	8	Выключатели
38	9	Душевые кабины
39	9	Унитазы
40	9	Раковины
41	9	Ванны
42	10	Садовая мебель
43	10	Наружное освещение
44	10	Статуи
45	11	Ламинат
46	11	Линолеум
47	11	Плитка
48	11	Краска
49	11	Обои
50	12	Инструменты
51	12	Плинтуса
52	12	Строительные материалы
0	0	Не указана
1	1	Кофейные столики
53	1	Обеденные столы
64	5	Пуфики
\.


--
-- TOC entry 5011 (class 0 OID 16680)
-- Dependencies: 216
-- Data for Name: users; Type: TABLE DATA; Schema: public; Owner: postgres
--

COPY public.users (user_id, user_email, user_password, user_name, user_surname, user_patronymic, user_address, user_role, user_phone, activationlink, isactivated) FROM stdin;
1	sinflo@as.com	123123213121132	Алексей	Данилин	Андреевич	Димитровград, улица Сенная 25	1	2	\N	f
3	admin@gmail.com	12345678	Николай	Гудковский	Грацевич	\N	2	\N	\N	f
7	sunflovv1e@gmail.com	12345678	Алексей	Данилин	Андреевич	Димитровград, ул. Сенная 24	1	+7 951 091 94 30	1650fc9b-9ba2-4336-83ca-33558fe83840	t
2	user2@gmail.com	12345	Лешик	Максименко-Данилин	Вадимович	\N	1	null	\N	f
8	sunflo1231vv1e@gmail.com	123456789	Алексей	Данилин	фффффффф	\N	1	\N	66c0a2be-13e3-48e6-9ec8-e44810995333	f
9	sunflovv1e11@gmail.com	sdasdasdasda	Алексей	Данилин	Андреевич	\N	1	\N	a8536530-96a9-44f3-985b-3d6c994e448c	f
10	sunflovvasd1e@gmail.com	adsssssssss	Алексей	Данилин	Андреевич	\N	1	\N	49c31c96-f749-488b-ad2c-91c68df338de	f
15	as@a.com	12345678	Елена	Тихонова	Евгеньевна	Москва, г. Россия 15	1	+7 951 091 94 30	\N	t
14	sunflovv2e@gmail.com	22222222	Администратор			\N	2	\N	\N	t
\.


--
-- TOC entry 5057 (class 0 OID 0)
-- Dependencies: 243
-- Name: cart_cart_id_seq; Type: SEQUENCE SET; Schema: public; Owner: postgres
--

SELECT pg_catalog.setval('public.cart_cart_id_seq', 178, true);


--
-- TOC entry 5058 (class 0 OID 0)
-- Dependencies: 229
-- Name: categories_category_id_seq; Type: SEQUENCE SET; Schema: public; Owner: postgres
--

SELECT pg_catalog.setval('public.categories_category_id_seq', 22, true);


--
-- TOC entry 5059 (class 0 OID 0)
-- Dependencies: 233
-- Name: colors_color_id_seq; Type: SEQUENCE SET; Schema: public; Owner: postgres
--

SELECT pg_catalog.setval('public.colors_color_id_seq', 35, true);


--
-- TOC entry 5060 (class 0 OID 0)
-- Dependencies: 253
-- Name: delievery_delivery_id_seq; Type: SEQUENCE SET; Schema: public; Owner: postgres
--

SELECT pg_catalog.setval('public.delievery_delivery_id_seq', 6, true);


--
-- TOC entry 5061 (class 0 OID 0)
-- Dependencies: 245
-- Name: favourite_favourite_id_seq; Type: SEQUENCE SET; Schema: public; Owner: postgres
--

SELECT pg_catalog.setval('public.favourite_favourite_id_seq', 521, true);


--
-- TOC entry 5062 (class 0 OID 0)
-- Dependencies: 225
-- Name: files_file_id_seq; Type: SEQUENCE SET; Schema: public; Owner: postgres
--

SELECT pg_catalog.setval('public.files_file_id_seq', 71, true);


--
-- TOC entry 5063 (class 0 OID 0)
-- Dependencies: 235
-- Name: images_image_id_seq; Type: SEQUENCE SET; Schema: public; Owner: postgres
--

SELECT pg_catalog.setval('public.images_image_id_seq', 371, true);


--
-- TOC entry 5064 (class 0 OID 0)
-- Dependencies: 221
-- Name: materials_material_id_seq; Type: SEQUENCE SET; Schema: public; Owner: postgres
--

SELECT pg_catalog.setval('public.materials_material_id_seq', 27, true);


--
-- TOC entry 5065 (class 0 OID 0)
-- Dependencies: 251
-- Name: order_products_orderprod_id_seq; Type: SEQUENCE SET; Schema: public; Owner: postgres
--

SELECT pg_catalog.setval('public.order_products_orderprod_id_seq', 63, true);


--
-- TOC entry 5066 (class 0 OID 0)
-- Dependencies: 247
-- Name: orders_order_id_seq; Type: SEQUENCE SET; Schema: public; Owner: postgres
--

SELECT pg_catalog.setval('public.orders_order_id_seq', 69, true);


--
-- TOC entry 5067 (class 0 OID 0)
-- Dependencies: 227
-- Name: product_details_productd_id_seq; Type: SEQUENCE SET; Schema: public; Owner: postgres
--

SELECT pg_catalog.setval('public.product_details_productd_id_seq', 36, true);


--
-- TOC entry 5068 (class 0 OID 0)
-- Dependencies: 239
-- Name: product_materials_prodmaterial_id_seq; Type: SEQUENCE SET; Schema: public; Owner: postgres
--

SELECT pg_catalog.setval('public.product_materials_prodmaterial_id_seq', 246, true);


--
-- TOC entry 5069 (class 0 OID 0)
-- Dependencies: 237
-- Name: product_styles_prodstyle_id_seq; Type: SEQUENCE SET; Schema: public; Owner: postgres
--

SELECT pg_catalog.setval('public.product_styles_prodstyle_id_seq', 355, true);


--
-- TOC entry 5070 (class 0 OID 0)
-- Dependencies: 219
-- Name: products_product_id_seq; Type: SEQUENCE SET; Schema: public; Owner: postgres
--

SELECT pg_catalog.setval('public.products_product_id_seq', 17, true);


--
-- TOC entry 5071 (class 0 OID 0)
-- Dependencies: 241
-- Name: reviews_review_id_seq; Type: SEQUENCE SET; Schema: public; Owner: postgres
--

SELECT pg_catalog.setval('public.reviews_review_id_seq', 36, true);


--
-- TOC entry 5072 (class 0 OID 0)
-- Dependencies: 217
-- Name: roles_role_id_seq; Type: SEQUENCE SET; Schema: public; Owner: postgres
--

SELECT pg_catalog.setval('public.roles_role_id_seq', 2, true);


--
-- TOC entry 5073 (class 0 OID 0)
-- Dependencies: 231
-- Name: shapes_shape_id_seq; Type: SEQUENCE SET; Schema: public; Owner: postgres
--

SELECT pg_catalog.setval('public.shapes_shape_id_seq', 8, true);


--
-- TOC entry 5074 (class 0 OID 0)
-- Dependencies: 249
-- Name: status_status_id_seq; Type: SEQUENCE SET; Schema: public; Owner: postgres
--

SELECT pg_catalog.setval('public.status_status_id_seq', 8, true);


--
-- TOC entry 5075 (class 0 OID 0)
-- Dependencies: 223
-- Name: styles_style_id_seq; Type: SEQUENCE SET; Schema: public; Owner: postgres
--

SELECT pg_catalog.setval('public.styles_style_id_seq', 19, true);


--
-- TOC entry 5076 (class 0 OID 0)
-- Dependencies: 255
-- Name: subcategories_subcategory_id_seq; Type: SEQUENCE SET; Schema: public; Owner: postgres
--

SELECT pg_catalog.setval('public.subcategories_subcategory_id_seq', 64, true);


--
-- TOC entry 5077 (class 0 OID 0)
-- Dependencies: 215
-- Name: users_user_id_seq; Type: SEQUENCE SET; Schema: public; Owner: postgres
--

SELECT pg_catalog.setval('public.users_user_id_seq', 15, true);


--
-- TOC entry 4831 (class 2606 OID 16787)
-- Name: cart cart_pkey; Type: CONSTRAINT; Schema: public; Owner: postgres
--

ALTER TABLE ONLY public.cart
    ADD CONSTRAINT cart_pkey PRIMARY KEY (cart_id);


--
-- TOC entry 4817 (class 2606 OID 16740)
-- Name: categories categories_pkey; Type: CONSTRAINT; Schema: public; Owner: postgres
--

ALTER TABLE ONLY public.categories
    ADD CONSTRAINT categories_pkey PRIMARY KEY (category_id);


--
-- TOC entry 4821 (class 2606 OID 16752)
-- Name: colors colors_pkey; Type: CONSTRAINT; Schema: public; Owner: postgres
--

ALTER TABLE ONLY public.colors
    ADD CONSTRAINT colors_pkey PRIMARY KEY (color_id);


--
-- TOC entry 4841 (class 2606 OID 16819)
-- Name: delivery delievery_pkey; Type: CONSTRAINT; Schema: public; Owner: postgres
--

ALTER TABLE ONLY public.delivery
    ADD CONSTRAINT delievery_pkey PRIMARY KEY (delivery_id);


--
-- TOC entry 4833 (class 2606 OID 16793)
-- Name: favourite favourite_pkey; Type: CONSTRAINT; Schema: public; Owner: postgres
--

ALTER TABLE ONLY public.favourite
    ADD CONSTRAINT favourite_pkey PRIMARY KEY (favourite_id);


--
-- TOC entry 4813 (class 2606 OID 16723)
-- Name: files files_pkey; Type: CONSTRAINT; Schema: public; Owner: postgres
--

ALTER TABLE ONLY public.files
    ADD CONSTRAINT files_pkey PRIMARY KEY (file_id);


--
-- TOC entry 4823 (class 2606 OID 16758)
-- Name: images images_pkey; Type: CONSTRAINT; Schema: public; Owner: postgres
--

ALTER TABLE ONLY public.images
    ADD CONSTRAINT images_pkey PRIMARY KEY (image_id);


--
-- TOC entry 4809 (class 2606 OID 16709)
-- Name: materials materials_pkey; Type: CONSTRAINT; Schema: public; Owner: postgres
--

ALTER TABLE ONLY public.materials
    ADD CONSTRAINT materials_pkey PRIMARY KEY (material_id);


--
-- TOC entry 4839 (class 2606 OID 16813)
-- Name: order_products order_products_pkey; Type: CONSTRAINT; Schema: public; Owner: postgres
--

ALTER TABLE ONLY public.order_products
    ADD CONSTRAINT order_products_pkey PRIMARY KEY (orderprod_id);


--
-- TOC entry 4835 (class 2606 OID 16801)
-- Name: orders orders_pkey; Type: CONSTRAINT; Schema: public; Owner: postgres
--

ALTER TABLE ONLY public.orders
    ADD CONSTRAINT orders_pkey PRIMARY KEY (order_id);


--
-- TOC entry 4815 (class 2606 OID 16732)
-- Name: product_details product_details_pkey; Type: CONSTRAINT; Schema: public; Owner: postgres
--

ALTER TABLE ONLY public.product_details
    ADD CONSTRAINT product_details_pkey PRIMARY KEY (productd_id);


--
-- TOC entry 4827 (class 2606 OID 16772)
-- Name: product_materials product_materials_pkey; Type: CONSTRAINT; Schema: public; Owner: postgres
--

ALTER TABLE ONLY public.product_materials
    ADD CONSTRAINT product_materials_pkey PRIMARY KEY (prodmaterial_id);


--
-- TOC entry 4825 (class 2606 OID 16765)
-- Name: product_styles product_styles_pkey; Type: CONSTRAINT; Schema: public; Owner: postgres
--

ALTER TABLE ONLY public.product_styles
    ADD CONSTRAINT product_styles_pkey PRIMARY KEY (prodstyle_id);


--
-- TOC entry 4807 (class 2606 OID 16703)
-- Name: products products_pkey; Type: CONSTRAINT; Schema: public; Owner: postgres
--

ALTER TABLE ONLY public.products
    ADD CONSTRAINT products_pkey PRIMARY KEY (product_id);


--
-- TOC entry 4829 (class 2606 OID 16781)
-- Name: reviews reviews_pkey; Type: CONSTRAINT; Schema: public; Owner: postgres
--

ALTER TABLE ONLY public.reviews
    ADD CONSTRAINT reviews_pkey PRIMARY KEY (review_id);


--
-- TOC entry 4805 (class 2606 OID 16690)
-- Name: roles roles_pkey; Type: CONSTRAINT; Schema: public; Owner: postgres
--

ALTER TABLE ONLY public.roles
    ADD CONSTRAINT roles_pkey PRIMARY KEY (role_id);


--
-- TOC entry 4819 (class 2606 OID 16746)
-- Name: shapes shapes_pkey; Type: CONSTRAINT; Schema: public; Owner: postgres
--

ALTER TABLE ONLY public.shapes
    ADD CONSTRAINT shapes_pkey PRIMARY KEY (shape_id);


--
-- TOC entry 4837 (class 2606 OID 16807)
-- Name: status status_pkey; Type: CONSTRAINT; Schema: public; Owner: postgres
--

ALTER TABLE ONLY public.status
    ADD CONSTRAINT status_pkey PRIMARY KEY (status_id);


--
-- TOC entry 4811 (class 2606 OID 16715)
-- Name: styles styles_pkey; Type: CONSTRAINT; Schema: public; Owner: postgres
--

ALTER TABLE ONLY public.styles
    ADD CONSTRAINT styles_pkey PRIMARY KEY (style_id);


--
-- TOC entry 4843 (class 2606 OID 16825)
-- Name: subcategories subcategories_pkey; Type: CONSTRAINT; Schema: public; Owner: postgres
--

ALTER TABLE ONLY public.subcategories
    ADD CONSTRAINT subcategories_pkey PRIMARY KEY (subcategory_id);


--
-- TOC entry 4803 (class 2606 OID 16684)
-- Name: users users_pkey; Type: CONSTRAINT; Schema: public; Owner: postgres
--

ALTER TABLE ONLY public.users
    ADD CONSTRAINT users_pkey PRIMARY KEY (user_id);


--
-- TOC entry 4857 (class 2606 OID 17011)
-- Name: cart cart_productd; Type: FK CONSTRAINT; Schema: public; Owner: postgres
--

ALTER TABLE ONLY public.cart
    ADD CONSTRAINT cart_productd FOREIGN KEY (cart_product) REFERENCES public.product_details(productd_id) NOT VALID;


--
-- TOC entry 4858 (class 2606 OID 16897)
-- Name: cart cart_user; Type: FK CONSTRAINT; Schema: public; Owner: postgres
--

ALTER TABLE ONLY public.cart
    ADD CONSTRAINT cart_user FOREIGN KEY (cart_user) REFERENCES public.users(user_id) NOT VALID;


--
-- TOC entry 4859 (class 2606 OID 17006)
-- Name: favourite favourite_productd; Type: FK CONSTRAINT; Schema: public; Owner: postgres
--

ALTER TABLE ONLY public.favourite
    ADD CONSTRAINT favourite_productd FOREIGN KEY (favourite_product) REFERENCES public.product_details(productd_id) NOT VALID;


--
-- TOC entry 4860 (class 2606 OID 16907)
-- Name: favourite favourite_user; Type: FK CONSTRAINT; Schema: public; Owner: postgres
--

ALTER TABLE ONLY public.favourite
    ADD CONSTRAINT favourite_user FOREIGN KEY (favourite_user) REFERENCES public.users(user_id) NOT VALID;


--
-- TOC entry 4847 (class 2606 OID 16847)
-- Name: files file_product; Type: FK CONSTRAINT; Schema: public; Owner: postgres
--

ALTER TABLE ONLY public.files
    ADD CONSTRAINT file_product FOREIGN KEY (file_product) REFERENCES public.products(product_id) NOT VALID;


--
-- TOC entry 4861 (class 2606 OID 16917)
-- Name: orders order_delievery; Type: FK CONSTRAINT; Schema: public; Owner: postgres
--

ALTER TABLE ONLY public.orders
    ADD CONSTRAINT order_delievery FOREIGN KEY (order_delivery) REFERENCES public.delivery(delivery_id) NOT VALID;


--
-- TOC entry 4862 (class 2606 OID 16922)
-- Name: orders order_status; Type: FK CONSTRAINT; Schema: public; Owner: postgres
--

ALTER TABLE ONLY public.orders
    ADD CONSTRAINT order_status FOREIGN KEY (order_status) REFERENCES public.status(status_id) NOT VALID;


--
-- TOC entry 4863 (class 2606 OID 16927)
-- Name: orders order_user; Type: FK CONSTRAINT; Schema: public; Owner: postgres
--

ALTER TABLE ONLY public.orders
    ADD CONSTRAINT order_user FOREIGN KEY (order_user) REFERENCES public.users(user_id) NOT VALID;


--
-- TOC entry 4864 (class 2606 OID 16932)
-- Name: order_products orderprod_order; Type: FK CONSTRAINT; Schema: public; Owner: postgres
--

ALTER TABLE ONLY public.order_products
    ADD CONSTRAINT orderprod_order FOREIGN KEY (orderprod_order) REFERENCES public.orders(order_id) NOT VALID;


--
-- TOC entry 4865 (class 2606 OID 16937)
-- Name: order_products orderprod_prod; Type: FK CONSTRAINT; Schema: public; Owner: postgres
--

ALTER TABLE ONLY public.order_products
    ADD CONSTRAINT orderprod_prod FOREIGN KEY (orderprod_product) REFERENCES public.product_details(productd_id) NOT VALID;


--
-- TOC entry 4850 (class 2606 OID 17001)
-- Name: images prodimage; Type: FK CONSTRAINT; Schema: public; Owner: postgres
--

ALTER TABLE ONLY public.images
    ADD CONSTRAINT prodimage FOREIGN KEY (product_id) REFERENCES public.product_details(productd_id) NOT VALID;


--
-- TOC entry 4853 (class 2606 OID 16877)
-- Name: product_materials prodmateria_product; Type: FK CONSTRAINT; Schema: public; Owner: postgres
--

ALTER TABLE ONLY public.product_materials
    ADD CONSTRAINT prodmateria_product FOREIGN KEY (prodmaterial_prod_id) REFERENCES public.products(product_id) NOT VALID;


--
-- TOC entry 4854 (class 2606 OID 16882)
-- Name: product_materials prodmaterial_material; Type: FK CONSTRAINT; Schema: public; Owner: postgres
--

ALTER TABLE ONLY public.product_materials
    ADD CONSTRAINT prodmaterial_material FOREIGN KEY (prodmaterial_material_id) REFERENCES public.materials(material_id) NOT VALID;


--
-- TOC entry 4851 (class 2606 OID 16867)
-- Name: product_styles prodstyle_product; Type: FK CONSTRAINT; Schema: public; Owner: postgres
--

ALTER TABLE ONLY public.product_styles
    ADD CONSTRAINT prodstyle_product FOREIGN KEY (prodstyle_prod_id) REFERENCES public.products(product_id) NOT VALID;


--
-- TOC entry 4852 (class 2606 OID 16872)
-- Name: product_styles prodstyle_style; Type: FK CONSTRAINT; Schema: public; Owner: postgres
--

ALTER TABLE ONLY public.product_styles
    ADD CONSTRAINT prodstyle_style FOREIGN KEY (prodstyle_style_id) REFERENCES public.styles(style_id) NOT VALID;


--
-- TOC entry 4845 (class 2606 OID 16837)
-- Name: products product_shape; Type: FK CONSTRAINT; Schema: public; Owner: postgres
--

ALTER TABLE ONLY public.products
    ADD CONSTRAINT product_shape FOREIGN KEY (product_shape) REFERENCES public.shapes(shape_id) NOT VALID;


--
-- TOC entry 4846 (class 2606 OID 16842)
-- Name: products product_subcategory; Type: FK CONSTRAINT; Schema: public; Owner: postgres
--

ALTER TABLE ONLY public.products
    ADD CONSTRAINT product_subcategory FOREIGN KEY (product_subcategory) REFERENCES public.subcategories(subcategory_id) NOT VALID;


--
-- TOC entry 4848 (class 2606 OID 16857)
-- Name: product_details productd_color; Type: FK CONSTRAINT; Schema: public; Owner: postgres
--

ALTER TABLE ONLY public.product_details
    ADD CONSTRAINT productd_color FOREIGN KEY (productd_color) REFERENCES public.colors(color_id) NOT VALID;


--
-- TOC entry 4849 (class 2606 OID 16852)
-- Name: product_details productd_product; Type: FK CONSTRAINT; Schema: public; Owner: postgres
--

ALTER TABLE ONLY public.product_details
    ADD CONSTRAINT productd_product FOREIGN KEY (productd_product) REFERENCES public.products(product_id) NOT VALID;


--
-- TOC entry 4855 (class 2606 OID 16892)
-- Name: reviews review_product; Type: FK CONSTRAINT; Schema: public; Owner: postgres
--

ALTER TABLE ONLY public.reviews
    ADD CONSTRAINT review_product FOREIGN KEY (review_product) REFERENCES public.products(product_id) NOT VALID;


--
-- TOC entry 4856 (class 2606 OID 16887)
-- Name: reviews review_user; Type: FK CONSTRAINT; Schema: public; Owner: postgres
--

ALTER TABLE ONLY public.reviews
    ADD CONSTRAINT review_user FOREIGN KEY (review_user) REFERENCES public.users(user_id) NOT VALID;


--
-- TOC entry 4866 (class 2606 OID 16942)
-- Name: subcategories subcategory_category; Type: FK CONSTRAINT; Schema: public; Owner: postgres
--

ALTER TABLE ONLY public.subcategories
    ADD CONSTRAINT subcategory_category FOREIGN KEY (subcategory_category) REFERENCES public.categories(category_id) NOT VALID;


--
-- TOC entry 4844 (class 2606 OID 16832)
-- Name: users user_role; Type: FK CONSTRAINT; Schema: public; Owner: postgres
--

ALTER TABLE ONLY public.users
    ADD CONSTRAINT user_role FOREIGN KEY (user_role) REFERENCES public.roles(role_id) NOT VALID;


-- Completed on 2024-06-15 18:01:14

--
-- PostgreSQL database dump complete
--

